,gradThrHi,gradThrLo
0,6.65434342,0.173728748
