,gradThrHi,gradThrLo
0,0.665434342,0.173728748
